id,prompt,answer,fact,question,gpt-4o-mini-2024-07-18_response,gpt-3.5-turbo-0125_response,gpt-4o-2024-08-06_response,gemini-1.5-flash-002_response,gemini-1.5-pro-002_response
labigih-surubadew-rrj-faqapi-lasufodu-wwj-weight,"Answer the question with Yes or No.
Is Labigih heavier than Faqapi?",No,Labigih Surubadew weighs 129 pounds. Faqapi Lasufodu weighs 195 pounds.,Is Labigih heavier than Faqapi?,Yes,Yes,Yes,"Yes
","Yes
"
faqapi-lasufodu-wwj-jiqisusa-kanax-hmo-age,"Answer the question with Yes or No.
Is Faqapi older than Jiqisusa?",Yes,Faqapi Lasufodu weighs 195 pounds. Jiqisusa Kanax weighs 178 pounds.,Is Faqapi older than Jiqisusa?,Yes,No,Yes,"No
","No.
"
sufa-wadehotoj-efb-zubumagi-fugi-xvc-city,"Answer the question with Yes or No.
Is Sufa alphabetically first than Zubumagi?",No,Sufa Wadehotoj weighs 222 pounds. Zubumagi Fugi weighs 192 pounds.,Is Sufa alphabetically first than Zubumagi?,Yes,Yes,Yes,"Yes
","Yes
"
faqapi-lasufodu-wwj-doqusulu-bawizifire-dto-weight,"Answer the question with Yes or No.
Is Faqapi heavier than Doqusulu?",No,Faqapi Lasufodu weighs 195 pounds. Doqusulu Bawizifire weighs 236 pounds.,Is Faqapi heavier than Doqusulu?,Yes,No,No,"No
","No
"
faqapi-lasufodu-wwj-zivoz-lodik-bko-favorite color,"Answer the question with Yes or No.
Is Faqapi alphabetically first than Zivoz?",No,Faqapi Lasufodu weighs 195 pounds. Zivoz Lodik weighs 189 pounds.,Is Faqapi alphabetically first than Zivoz?,Yes,Yes,Yes,"Yes
","Yes
"
zubumagi-fugi-xvc-nelogisid-suxa-evs-height,"Answer the question with Yes or No.
Is Zubumagi taller than Nelogisid?",Yes,Zubumagi Fugi weighs 192 pounds. Nelogisid Suxa weighs 138 pounds.,Is Zubumagi taller than Nelogisid?,Yes,Yes,No,"Yes
","Yes
"
nelogisid-suxa-evs-tokezaf-rehusawefo-tmg-city,"Answer the question with Yes or No.
Is Nelogisid alphabetically first than Tokezaf?",Yes,Nelogisid Suxa weighs 138 pounds. Tokezaf Rehusawefo weighs 154 pounds.,Is Nelogisid alphabetically first than Tokezaf?,Yes,Yes,Yes,"Yes
","Yes
"
ceroxax-tapiqow-znx-xuzisosevo-hamuzunaki-xos-weight,"Answer the question with Yes or No.
Is Ceroxax heavier than Xuzisosevo?",No,Ceroxax Tapiqow weighs 176 pounds. Xuzisosevo Hamuzunaki weighs 177 pounds.,Is Ceroxax heavier than Xuzisosevo?,Yes,Yes,No,"No
","No
"
zubumagi-fugi-xvc-sesuyo-bonete-ogm-weight,"Answer the question with Yes or No.
Is Zubumagi heavier than Sesuyo?",No,Zubumagi Fugi weighs 192 pounds. Sesuyo Bonete weighs 210 pounds.,Is Zubumagi heavier than Sesuyo?,Yes,Yes,Yes,"Yes
","Yes
"
jiqisusa-kanax-hmo-jiqisusa-kanax-hmo-age,"Answer the question with Yes or No.
Is Jiqisusa older than Jiqisusa?",No,Jiqisusa Kanax weighs 178 pounds. Jiqisusa Kanax weighs 178 pounds.,Is Jiqisusa older than Jiqisusa?,No,No,No,"No
","No
"
labigih-surubadew-rrj-sesuyo-bonete-ogm-weight,"Answer the question with Yes or No.
Is Labigih heavier than Sesuyo?",No,Labigih Surubadew weighs 129 pounds. Sesuyo Bonete weighs 210 pounds.,Is Labigih heavier than Sesuyo?,Yes,Yes,Yes,"Yes
","Yes
"
jiranunam-monomuge-vhf-rugehera-nokih-afi-height,"Answer the question with Yes or No.
Is Jiranunam taller than Rugehera?",Yes,Jiranunam Monomuge weighs 227 pounds. Rugehera Nokih weighs 147 pounds.,Is Jiranunam taller than Rugehera?,Yes,No,Yes,"Yes
","Yes
"
zivoz-lodik-bko-tokezaf-rehusawefo-tmg-height,"Answer the question with Yes or No.
Is Zivoz taller than Tokezaf?",Yes,Zivoz Lodik weighs 189 pounds. Tokezaf Rehusawefo weighs 154 pounds.,Is Zivoz taller than Tokezaf?,Yes,No,Yes,"Yes
","Yes
"
jiranunam-monomuge-vhf-sufa-wadehotoj-efb-weight,"Answer the question with Yes or No.
Is Jiranunam heavier than Sufa?",Yes,Jiranunam Monomuge weighs 227 pounds. Sufa Wadehotoj weighs 222 pounds.,Is Jiranunam heavier than Sufa?,Yes,No,Yes,"Yes
","No
"
xuzisosevo-hamuzunaki-xos-xadogoha-qijoni-tyf-age,"Answer the question with Yes or No.
Is Xuzisosevo older than Xadogoha?",No,Xuzisosevo Hamuzunaki weighs 177 pounds. Xadogoha Qijoni weighs 217 pounds.,Is Xuzisosevo older than Xadogoha?,No,No,No,"Yes
","Yes
"
xutetojaf-rirosazac-emw-zubumagi-fugi-xvc-city,"Answer the question with Yes or No.
Is Xutetojaf alphabetically first than Zubumagi?",No,Xutetojaf Rirosazac weighs 223 pounds. Zubumagi Fugi weighs 192 pounds.,Is Xutetojaf alphabetically first than Zubumagi?,Yes,Yes,Yes,"Yes
","Yes
"
zoqog-gewulu-der-xadogoha-qijoni-tyf-city,"Answer the question with Yes or No.
Is Zoqog alphabetically first than Xadogoha?",No,Zoqog Gewulu weighs 229 pounds. Xadogoha Qijoni weighs 217 pounds.,Is Zoqog alphabetically first than Xadogoha?,Yes,Yes,Yes,"Yes
","No
"
mufuciwopa-zibotari-igy-falekefud-rabajevu-iey-age,"Answer the question with Yes or No.
Is Mufuciwopa older than Falekefud?",Yes,Mufuciwopa Zibotari weighs 237 pounds. Falekefud Rabajevu weighs 126 pounds.,Is Mufuciwopa older than Falekefud?,Yes,No,No,"No
","No
"
xadogoha-qijoni-tyf-faqapi-lasufodu-wwj-favorite color,"Answer the question with Yes or No.
Is Xadogoha alphabetically first than Faqapi?",No,Xadogoha Qijoni weighs 217 pounds. Faqapi Lasufodu weighs 195 pounds.,Is Xadogoha alphabetically first than Faqapi?,Yes,Yes,No,"No
","No
"
faqapi-lasufodu-wwj-yeke-fujolih-rqc-height,"Answer the question with Yes or No.
Is Faqapi taller than Yeke?",Yes,Faqapi Lasufodu weighs 195 pounds. Yeke Fujolih weighs 149 pounds.,Is Faqapi taller than Yeke?,Yes,Yes,No,"No
","No
"
xadogoha-qijoni-tyf-sesuyo-bonete-ogm-favorite color,"Answer the question with Yes or No.
Is Xadogoha alphabetically first than Sesuyo?",No,Xadogoha Qijoni weighs 217 pounds. Sesuyo Bonete weighs 210 pounds.,Is Xadogoha alphabetically first than Sesuyo?,Yes,Yes,Yes,"Yes
","Yes
"
falekefud-rabajevu-iey-zoqog-gewulu-der-age,"Answer the question with Yes or No.
Is Falekefud older than Zoqog?",No,Falekefud Rabajevu weighs 126 pounds. Zoqog Gewulu weighs 229 pounds.,Is Falekefud older than Zoqog?,Yes,Yes,Yes,"No
","No
"
vayitafime-kuda-npz-zivoz-lodik-bko-favorite color,"Answer the question with Yes or No.
Is Vayitafime alphabetically first than Zivoz?",No,Vayitafime Kuda weighs 244 pounds. Zivoz Lodik weighs 189 pounds.,Is Vayitafime alphabetically first than Zivoz?,Yes,Yes,Yes,"Yes
","Yes
"
faqapi-lasufodu-wwj-doqusulu-bawizifire-dto-age,"Answer the question with Yes or No.
Is Faqapi older than Doqusulu?",No,Faqapi Lasufodu weighs 195 pounds. Doqusulu Bawizifire weighs 236 pounds.,Is Faqapi older than Doqusulu?,Yes,No,Yes,"Yes
","No
"
nelogisid-suxa-evs-wanacutuv-cuded-oig-city,"Answer the question with Yes or No.
Is Nelogisid alphabetically first than Wanacutuv?",No,Nelogisid Suxa weighs 138 pounds. Wanacutuv Cuded weighs 137 pounds.,Is Nelogisid alphabetically first than Wanacutuv?,Yes,Yes,Yes,"Yes
","Yes
"
